ID YouTube;Titre;Duree;Duree_Secondes;Vues;Date_Publication;Lien_YouTube;Deja_Dans_App
"Vz6S2MIqm5U";"De catholique sicilien à musulman : le témoignage puissant de Dominico devenu Omar";"16:23";983;"448 vues";"il y a 5 heures";"https://www.youtube.com/watch?v=Vz6S2MIqm5U";"NON"
"NumXfGQkt-Y";"Je suis née catholique en Pologne, mais j'ai trouvé la vérité dans l'islam";"21:55";1315;"2 k vues";"il y a 1 jour";"https://www.youtube.com/watch?v=NumXfGQkt-Y";"NON"
"yKsJ0zXGXPw";"De la Prison à la Paix : Comment Allah a Répondu à Ma Dou'a en 3 Secondes";"25:01";1501;"2 k vues";"il y a 2 jours";"https://www.youtube.com/watch?v=yKsJ0zXGXPw";"NON"
"DC06rqTmeiI";"James Humble :LE MAROC A CHANGÉ MA VIE !";"15:43";943;"1,8 k vues";"il y a 3 jours";"https://www.youtube.com/watch?v=DC06rqTmeiI";"NON"
"pItDFIGfp68";"Le Grand Débat : Dr Haitham Talaat Face à une Athée Voilée | Islam vs Athéisme";"1:40:51";6051;"1,4 k vues";"il y a 3 jours";"https://www.youtube.com/watch?v=pItDFIGfp68";"NON"
"b1sUJ2c5b8Q";"Millionnaire mais en quête de sens : son incroyable découverte de l’Islam";"10:31";631;"2,6 k vues";"il y a 5 jours";"https://www.youtube.com/watch?v=b1sUJ2c5b8Q";"NON"
"oPfZp-JGvf0";"De l’hindouisme à l’islam : 3 ans et demi otage pour être devenu musulman";"35:05";2105;"2 k vues";"il y a 6 jours";"https://www.youtube.com/watch?v=oPfZp-JGvf0";"NON"
"IupVUyCwGkY";"10 PREUVESQUE L’ISLAM EST VRAI !";"13:15";795;"2 k vues";"il y a 6 jours";"https://www.youtube.com/watch?v=IupVUyCwGkY";"NON"
"v54c_vJrVSY";"Je me moquais de lui parce qu’il était musulman… Il m’a fait prononcer la Chahada !";"15:13";913;"2,1 k vues";"il y a 7 jours";"https://www.youtube.com/watch?v=v54c_vJrVSY";"NON"
"cRLa3Vu0NJw";"Bollywood Voulait Combattre l’Islam… Mais C’est Tout le Contraire Qui S’est Produit !";"23:18";1398;"4,7 k vues";"il y a 9 jours";"https://www.youtube.com/watch?v=cRLa3Vu0NJw";"NON"
"ZjLmxZPHxwc";"Je Détestais l’Islam… Puis Je Suis Devenu Musulman | Témoignage d’un Converti";"47:19";2839;"5,1 k vues";"il y a 10 jours";"https://www.youtube.com/watch?v=ZjLmxZPHxwc";"NON"
"HNpqbj7Vb5U";"À 6 ans, je suppliais Allah de me montrer le droit chemin.";"20:37";1237;"8,3 k vues";"il y a 12 jours";"https://www.youtube.com/watch?v=HNpqbj7Vb5U";"NON"
"U40uQYxcmYQ";"Loon : le célèbre rappeur américain se convertit à l’Islam | Un témoignage bouleversant";"39:18";2358;"14 k vues";"il y a 13 jours";"https://www.youtube.com/watch?v=U40uQYxcmYQ";"NON"
"7ReahcFWXGI";"UNE LÉGENDE DE LA PUBLICITÉ EMBRASSE L’ISLAM ! Le parcours d’un Anglais converti";"38:55";2335;"5 k vues";"il y a 2 semaines";"https://www.youtube.com/watch?v=7ReahcFWXGI";"NON"
"WprJUXJR6NQ";"🎸 Il vivait la vie de rêve… Pourquoi a-t-il choisi l’Islam ? | Témoignage bouleversant";"26:55";1615;"3,1 k vues";"il y a 2 semaines";"https://www.youtube.com/watch?v=WprJUXJR6NQ";"NON"
"Ut6CrIbX1sc";"AKHI AYMAN DISCUSSION VIRALE";"48:20";2900;"899 vues";"il y a 3 semaines";"https://www.youtube.com/watch?v=Ut6CrIbX1sc";"NON"
"w0pzjVy_tIA";"Rien ne pouvait le convaincre… jusqu’à ce qu’il découvre l’Islam";"27:15";1635;"4,3 k vues";"il y a 3 semaines";"https://www.youtube.com/watch?v=w0pzjVy_tIA";"NON"
"qiJzdEwPwWw";"Un jeune homme de l'Italie embrasse l'islam d'une manière étonnante.";"16:23";983;"3,3 k vues";"il y a 3 semaines";"https://www.youtube.com/watch?v=qiJzdEwPwWw";"NON"
"EWg2z42enho";"Il avait tout pour être heureux… mais quelque chose lui manquait";"14:19";859;"1,5 k vues";"il y a 3 semaines";"https://www.youtube.com/watch?v=EWg2z42enho";"NON"
"wqiyQ9VLIzA";"Il a découvert l’Islam et sa vie a changé — L’incroyable histoire d’Abdullah ibn Loren";"14:00";840;"4,8 k vues";"il y a 4 semaines";"https://www.youtube.com/watch?v=wqiyQ9VLIzA";"NON"
"fRG2nV1x9YE";"Un Protestant Américain quitte le Christianisme et accepte l’ISLAM : son témoignage bouleversant";"31:55";1915;"3,1 k vues";"il y a 1 mois";"https://www.youtube.com/watch?v=fRG2nV1x9YE";"NON"
"1hMvMdmTFk8";"IL CHERCHAIT DIEU…IL A TROUVÉ L’ISLAM";"15:48";948;"2,6 k vues";"il y a 1 mois";"https://www.youtube.com/watch?v=1hMvMdmTFk8";"NON"
"OvWjFQQXmgY";"Un Prof Cherche une Erreur dans le Coran… et Découvre Quelque Chose d’Inattendu";"11:20";680;"1,1 k vues";"il y a 1 mois";"https://www.youtube.com/watch?v=OvWjFQQXmgY";"NON"
"CVcunEiRgXE";"Il cherchait la vérité… puis le Coran lui a parlé directement";"23:20";1400;"4,9 k vues";"il y a 1 mois";"https://www.youtube.com/watch?v=CVcunEiRgXE";"NON"
"Xm5iAyFv_PM";"Il était convaincu que l'Islam était faux… voici ce qui s'est passé";"17:32";1052;"4,5 k vues";"il y a 1 mois";"https://www.youtube.com/watch?v=Xm5iAyFv_PM";"NON"
"ZlOubFmEp-g";"Pourquoi j'ai quitté le catholicisme pour l'Islam | Mon histoire à Bahreïn";"11:16";676;"1,8 k vues";"il y a 1 mois";"https://www.youtube.com/watch?v=ZlOubFmEp-g";"NON"
"05tJf3TVx74";"J'ai rejeté l'Islam pendant 15 ans… Puis un simple vol a tout changé";"14:43";883;"1,8 k vues";"il y a 1 mois";"https://www.youtube.com/watch?v=05tJf3TVx74";"NON"
"vikfQxGBiAk";"Un soldat américain débat avec un musulman";"12:32";752;"2,2 k vues";"il y a 1 mois";"https://www.youtube.com/watch?v=vikfQxGBiAk";"NON"
"ECfUoGCxJ60";"Conversion d’une catholique à l’islam après un débat au travail";"11:45";705;"1,8 k vues";"il y a 1 mois";"https://www.youtube.com/watch?v=ECfUoGCxJ60";"NON"
"nT-t_NZVcvU";"Il pensait que la religion était finie… jusqu’à sa rencontre avec l’Islam";"11:43";703;"1,5 k vues";"il y a 1 mois";"https://www.youtube.com/watch?v=nT-t_NZVcvU";"NON"
"2BrJDrQ8t-M";"Comment j'ai trouvé l'ISLAM et la VÉRITÉ";"52:33";3153;"3,3 k vues";"il y a 1 mois";"https://www.youtube.com/watch?v=2BrJDrQ8t-M";"NON"
"pQOfErvr4Q4";"Comment prouver la prophétie de Muhammad ﷺ à un non-musulman ?";"27:43";1663;"580 vues";"il y a 1 mois";"https://www.youtube.com/watch?v=pQOfErvr4Q4";"NON"
"FH4cWQzctWk";"Un enseignant de philosophie canadien, embrasse l'islam";"12:08";728;"2,1 k vues";"il y a 1 mois";"https://www.youtube.com/watch?v=FH4cWQzctWk";"NON"
"Ur_Yu9ppagw";"De l'incertitude à la paix : mon chemin vers l'Islam.";"16:55";1015;"2 k vues";"il y a 1 mois";"https://www.youtube.com/watch?v=Ur_Yu9ppagw";"NON"
"ID7Jnj9BFm0";"J'ai commencé à lire le Coran en étant chrétien… puis je me suis converti à l'Islam !";"15:28";928;"2,5 k vues";"il y a 1 mois";"https://www.youtube.com/watch?v=ID7Jnj9BFm0";"NON"
"VvS8BlJZ840";"Un Juif se convertit à l'Islam : « Je suis les pas de mes ancêtres » | Témoignage bouleversant";"19:19";1159;"5,4 k vues";"il y a 1 mois";"https://www.youtube.com/watch?v=VvS8BlJZ840";"NON"
"41ZWRW-Jqdw";"Rejeté par sa famille après sa conversion à l'Islam";"21:10";1270;"1,4 k vues";"il y a 1 mois";"https://www.youtube.com/watch?v=41ZWRW-Jqdw";"NON"
"TdBCCG1_8mQ";"Convertie à l'Islam : ""Une évidence spirituelle"" | Aisha Davis (Pays de Galles)";"17:03";1023;"784 vues";"il y a 1 mois";"https://www.youtube.com/watch?v=TdBCCG1_8mQ";"NON"
"99opzofXn1Y";"Comment l'islam est-il présenté dans les milieux religieux juifs?";"20:08";1208;"1,1 k vues";"il y a 1 mois";"https://www.youtube.com/watch?v=99opzofXn1Y";"NON"
"gKdLTTz0mHM";"Islam, soumission et éveil spirituel – Dr Hamza Yusuf explique le Coran et la prière";"46:17";2777;"1,2 k vues";"il y a 1 mois";"https://www.youtube.com/watch?v=gKdLTTz0mHM";"NON"
"pEyqvNTuiec";"Il gardait Guantánamo… puis l'Islam a bouleversé toute sa vie";"18:41";1121;"4,5 k vues";"il y a 2 mois";"https://www.youtube.com/watch?v=pEyqvNTuiec";"NON"
"Non3XX4T41w";"Un musulman invité par des non-musulmans au Royaume-Uni";"27:54";1674;"1,2 k vues";"il y a 2 mois";"https://www.youtube.com/watch?v=Non3XX4T41w";"NON"
"_S6FxlSCfkU";"J'allais devenir un grand prêtre… jusqu'au choc qui m'a conduit à l'Islam";"23:48";1428;"4,3 k vues";"il y a 2 mois";"https://www.youtube.com/watch?v=_S6FxlSCfkU";"NON"
"pY9FqfMh1u0";"Mon incroyable conversion à l'Islam | Un témoignage sincère";"19:20";1160;"1,3 k vues";"il y a 2 mois";"https://www.youtube.com/watch?v=pY9FqfMh1u0";"NON"
"wh-yflqBH1Y";"Élevé dans une famille athée aux États-Unis : pourquoi j'ai quitté Hollywood pour l'Islam ?";"31:16";1876;"5,6 k vues";"il y a 2 mois";"https://www.youtube.com/watch?v=wh-yflqBH1Y";"NON"
"DFlQjgzUzoA";"D'Hollywood à l'Islam : le Coran a transformé toute ma vie";"11:08";668;"835 vues";"il y a 2 mois";"https://www.youtube.com/watch?v=DFlQjgzUzoA";"NON"
"xW9vIsMv5ek";"Il découvre l'Islam dans le pays le plus islamophobe d'Europe";"15:16";916;"833 vues";"il y a 2 mois";"https://www.youtube.com/watch?v=xW9vIsMv5ek";"NON"
"nK6YzLV7YT8";"Dr. Jeffrey Lang : Pourquoi les Occidentaux s'éloignent-ils de l'Islam ? Une analyse profonde";"1:12:37";4357;"2,5 k vues";"il y a 2 mois";"https://www.youtube.com/watch?v=nK6YzLV7YT8";"NON"
"TIiB4Xyv2Zc";"Rendre sa grandeur à l'Amérique ? Un discours choc qui démonte le mythe américain";"11:10";670;"342 vues";"il y a 2 mois";"https://www.youtube.com/watch?v=TIiB4Xyv2Zc";"NON"
"jqb5w_mDBhM";"Mon Parcours vers l'Islam : Le Témoignage Bouleversant d'une Américaine Convertie";"12:45";765;"856 vues";"il y a 2 mois";"https://www.youtube.com/watch?v=jqb5w_mDBhM";"NON"
"IL2gh6P_2wg";"Les Scandales du Christianisme :Vérités Cachées sur les Orthodoxes, les Catholiques, les Protestants";"29:40";1780;"583 vues";"il y a 2 mois";"https://www.youtube.com/watch?v=IL2gh6P_2wg";"NON"
"C5lMIUnfp-U";"George Saliba : Chrétien, Puis Athée… Il Rejette la Divinité de Jésus et Se Convertit à l’Islam";"34:12";2052;"7,2 k vues";"il y a 2 mois";"https://www.youtube.com/watch?v=C5lMIUnfp-U";"NON"
"gn3361Vb2Tc";"Agression d’une Suédoise musulmane : victime de haine anti-hijab en Suède";"11:45";705;"660 vues";"il y a 2 mois";"https://www.youtube.com/watch?v=gn3361Vb2Tc";"NON"
"wjxS7MKTULw";"J’ai fui pour sauver ma foi : le récit poignant d’une nouvelle musulmane";"20:18";1218;"2,2 k vues";"il y a 2 mois";"https://www.youtube.com/watch?v=wjxS7MKTULw";"NON"
"3hvW7jwvwck";"J'ai Découvert l'Islam en Afrique du Sud sous l'Apartheid - Témoignage";"22:25";1345;"5,2 k vues";"il y a 2 mois";"https://www.youtube.com/watch?v=3hvW7jwvwck";"NON"
"f8fgvZD-JQg";"Un Savant Converti Révèle Pourquoi le Coran est Resté Inchangé depuis Plus de 1 400 Ans";"39:23";2363;"6,1 k vues";"il y a 2 mois";"https://www.youtube.com/watch?v=f8fgvZD-JQg";"NON"
"dQY9hJRajN0";"Carol raconte sa conversion à l’Islam : rejetée par l’Église et menacée après avoir choisi Allah";"32:22";1942;"11 k vues";"il y a 2 mois";"https://www.youtube.com/watch?v=dQY9hJRajN0";"NON"
"U5CJsH3PySw";"Elle avait tout : luxe, voitures de rêve et voyages privés… puis l’Islam a changé sa vie.";"26:09";1569;"812 vues";"il y a 2 mois";"https://www.youtube.com/watch?v=U5CJsH3PySw";"NON"
"yuxyV5WBR6U";"Jeffrey Lang: Le secret du ""Sceau des Prophètes"" enfin dévoilé";"55:19";3319;"19 k vues";"il y a 2 mois";"https://www.youtube.com/watch?v=yuxyV5WBR6U";"NON"
"7RWX-zrgaik";"D’ancien diacre chrétien à l’islam : le récit bouleversant d’une rencontre qui a changé sa vie";"43:19";2599;"5,7 k vues";"il y a 2 mois";"https://www.youtube.com/watch?v=7RWX-zrgaik";"NON"
"bNZ9mnSFcW8";"Ce politicien d’extrême droite s’est converti à l’Islam";"11:07";667;"2,7 k vues";"il y a 2 mois";"https://www.youtube.com/watch?v=bNZ9mnSFcW8";"NON"
"pHGI-26ROJ4";"Pourquoi cet historien occidental est resté bloqué sur certaines vérités de l’Islam ?";"1:08:38";4118;"4,7 k vues";"il y a 2 mois";"https://www.youtube.com/watch?v=pHGI-26ROJ4";"NON"
"u4UOHR01wtM";"J’étais sans-abri et prêt à tomber… ce qui s’est passé ensuite est incroyable";"23:21";1401;"3,7 k vues";"il y a 2 mois";"https://www.youtube.com/watch?v=u4UOHR01wtM";"NON"
"6f7vOOkwaKo";"L’Amérique m’a choqué : comment j’ai découvert l’islam | Témoignage bouleversant";"21:39";1299;"12 k vues";"il y a 2 mois";"https://www.youtube.com/watch?v=6f7vOOkwaKo";"NON"
"a2r_1zT8nCw";"Pourquoi les détenus se convertissent à l’Islam";"10:11";611;"10 k vues";"il y a 2 mois";"https://www.youtube.com/watch?v=a2r_1zT8nCw";"NON"
"UC9oKF2t6XQ";"Converti à l’islam, George révèle des vérités qui ont bouleversé sa vision du christianisme";"11:30";690;"2,9 k vues";"il y a 3 mois";"https://www.youtube.com/watch?v=UC9oKF2t6XQ";"NON"
"4i47K3T1VlQ";"De nombreuses familles juives vivent des aides du gouvernement américain au lieu de travailler !";"15:57";957;"648 vues";"il y a 3 mois";"https://www.youtube.com/watch?v=4i47K3T1VlQ";"NON"
"EQEyDoUHw_M";"Même les surveillants de prison préfèrent travailler avec les détenus musulmans";"10:00";600;"61 k vues";"il y a 3 mois";"https://www.youtube.com/watch?v=EQEyDoUHw_M";"NON"
"TZVmxTjtl6o";"Yusuf Estes : La scène bouleversante qui a fait pleurer des millions de personnes";"23:19";1399;"6 k vues";"il y a 3 mois";"https://www.youtube.com/watch?v=TZVmxTjtl6o";"NON"
"gzQJy66Wjj4";"Pourquoi des milliers de personnes se tournent vers l’Islam pour combattre le racisme 🔥";"15:01";901;"785 vues";"il y a 3 mois";"https://www.youtube.com/watch?v=gzQJy66Wjj4";"NON"
"MVLfPT53muY";"Louis Farrakhan et la Nation de l’Islam : l’analyse de Siraj Wahhaj";"15:23";923;"760 vues";"il y a 3 mois";"https://www.youtube.com/watch?v=MVLfPT53muY";"NON"
"9-1up_pKNJ0";"L'histoire de la conversion à l'islam avec Duraid Ibrahim Al-Mawsili";"39:45";2385;"33 k vues";"il y a 3 mois";"https://www.youtube.com/watch?v=9-1up_pKNJ0";"NON"
"P07JzgtRfRM";"De la boxe professionnelle à l’islam : l’incroyable parcours de Pierre Vogel (Abou Hamza)";"17:07";1027;"4,4 k vues";"il y a 3 mois";"https://www.youtube.com/watch?v=P07JzgtRfRM";"NON"
"5qS0GUxG2LU";"Pourquoi cette universitaire a quitté le christianisme pour l’islam";"11:31";691;"1,7 k vues";"il y a 3 mois";"https://www.youtube.com/watch?v=5qS0GUxG2LU";"NON"
"Rf9QSiqcTe4";"Comment j’ai trouvé la paix intérieure : mon chemin du christianisme à l’islam";"13:36";816;"1,6 k vues";"il y a 3 mois";"https://www.youtube.com/watch?v=Rf9QSiqcTe4";"NON"
"15NWt0RpvxA";"Un professeur explique : pourquoi l'embryon humain correspond à la description du Coran";"15:23";923;"1,1 k vues";"il y a 3 mois";"https://www.youtube.com/watch?v=15NWt0RpvxA";"NON"
"e_VBUCW0CC8";"Une femme allemande raconte son incroyable conversion à l’Islam";"14:28";868;"3,6 k vues";"il y a 3 mois";"https://www.youtube.com/watch?v=e_VBUCW0CC8";"NON"
"YxquMR63ziI";"Débat tendu sur le voile en France : une femme musulmane répond avec calme et fermeté";"10:51";651;"1,2 k vues";"il y a 3 mois";"https://www.youtube.com/watch?v=YxquMR63ziI";"NON"
"U8rw2XMJ7Ho";"Le parcours de recherche qui a bouleversé les convictions du diplomate allemand Murad Hofmann.";"19:36";1176;"6,1 k vues";"il y a 3 mois";"https://www.youtube.com/watch?v=U8rw2XMJ7Ho";"NON"
"8drDLxp62yE";"Il raconte enfin pourquoi il a choisi l’Islam… un témoignage bouleversant";"15:29";929;"972 vues";"il y a 3 mois";"https://www.youtube.com/watch?v=8drDLxp62yE";"NON"
"nlgo_KWOVMo";"Abandonner les péchés pour rechercher l’agrément d’Allah Par cheikh Ahmad Musa Jibril";"21:02";1262;"535 vues";"il y a 3 mois";"https://www.youtube.com/watch?v=nlgo_KWOVMo";"NON"
"ZlinzTY4ogE";"Mon père a retiré mon hijab pendant que je priais… Son histoire bouleversante 😢";"22:09";1329;"10 k vues";"il y a 3 mois";"https://www.youtube.com/watch?v=ZlinzTY4ogE";"NON"
"h9cy8Jpppb4";"Pourquoi des milliers de personnes quittent l’Église ? Une réalité choquante";"10:09";609;"3,1 k vues";"il y a 3 mois";"https://www.youtube.com/watch?v=h9cy8Jpppb4";"NON"
"MtKaPZNO7cg";"Un célèbre athée britannique tente d’humilier un musulman converti… puis tout bascule !";"14:41";881;"3,7 k vues";"il y a 4 mois";"https://www.youtube.com/watch?v=MtKaPZNO7cg";"NON"
"FOYKMZJ2fps";"Quand des musulmans se sont installés dans ce quartier américain: résultat a surpris tout le monde";"16:26";986;"2,7 k vues";"il y a 4 mois";"https://www.youtube.com/watch?v=FOYKMZJ2fps";"NON"
"USUWsJXwY68";"Un médecin américain stupéfait : comment Muhammad savait cela il y a 1400 ans ?";"21:31";1291;"13 k vues";"il y a 4 mois";"https://www.youtube.com/watch?v=USUWsJXwY68";"NON"
"t7tFXn0oIK0";"J’ai Étudié Toutes les Églises Chrétiennes… Puis J’ai Choisi l’Islam";"47:02";2822;"5,1 k vues";"il y a 4 mois";"https://www.youtube.com/watch?v=t7tFXn0oIK0";"NON"
"sgQJRMJRHzo";"Il Était Grand Prêtre… Sa Conversion à l’Islam Va Vous Surprendre !";"15:45";945;"1,5 k vues";"il y a 4 mois";"https://www.youtube.com/watch?v=sgQJRMJRHzo";"NON"
"t0XkYGAyXGc";"Un professeur chinois choque des chrétiens et des juifs — “L’Islam est la vérité";"10:48";648;"8,4 k vues";"il y a 4 mois";"https://www.youtube.com/watch?v=t0XkYGAyXGc";"NON"
"KYBKjm9JDLs";"Une seule preuve de l’existence de Dieu ? La réponse qui a convaincu des athées !";"11:23";683;"748 vues";"il y a 4 mois";"https://www.youtube.com/watch?v=KYBKjm9JDLs";"NON"
"Ts1PqF8sEB0";"Un célèbre avocat américain choque : L’Islam nous déteste-t-il ? Sa réaction va vous surprendre";"11:34";694;"3,3 k vues";"il y a 4 mois";"https://www.youtube.com/watch?v=Ts1PqF8sEB0";"NON"
"w1-Cqe3yR78";"Mon parcours vers l’Islam : Du doute à la foi";"17:34";1054;"863 vues";"il y a 4 mois";"https://www.youtube.com/watch?v=w1-Cqe3yR78";"NON"
"5L1CYo-dS9U";"Vivre comme une musulmane 3 jours à Séoul 🇰🇷 | Expérience inattendue !";"17:32";1052;"3 k vues";"il y a 4 mois";"https://www.youtube.com/watch?v=5L1CYo-dS9U";"NON"
"5rDOGHCkw3U";"Ils sont choqués ! L’islam progresse… et les églises se vident en Occident";"11:25";685;"2 k vues";"il y a 4 mois";"https://www.youtube.com/watch?v=5rDOGHCkw3U";"NON"
"TlHhI7Eudr0";"Un homme de principe choque l’Occident : Laissez les musulmans appliquer leur charia !";"13:31";811;"2,6 k vues";"il y a 4 mois";"https://www.youtube.com/watch?v=TlHhI7Eudr0";"NON"
"vjGMko7KGXA";"Vidéo ancienne mais toujours pertinente: Les erreurs scientifiques dans la Bible – Dr Zakir Naik";"14:05";845;"937 vues";"il y a 4 mois";"https://www.youtube.com/watch?v=vjGMko7KGXA";"NON"
"nh4WVpIisVo";"Une réponse remarquable à une femme catholique – Cheikh Youssef Estes";"10:44";644;"1,4 k vues";"il y a 4 mois";"https://www.youtube.com/watch?v=nh4WVpIisVo";"NON"
"kVFvId6Qa7M";"Combattante MMA : Amber Leibrock raconte sa conversion à l’Islam et son passé bouleversant";"12:32";752;"1,6 k vues";"il y a 4 mois";"https://www.youtube.com/watch?v=kVFvId6Qa7M";"NON"
"IjBA-rAT3s4";"Il voulait PROUVER que l’Islam est faux… puis tout a basculé !";"14:34";874;"1,7 k vues";"il y a 4 mois";"https://www.youtube.com/watch?v=IjBA-rAT3s4";"NON"
"_AMKhZqCh7Y";"Un boxeur britannique fait sensation sur les réseaux sociaux en se convertissant à l’Islam !!!";"13:25";805;"1,9 k vues";"il y a 5 mois";"https://www.youtube.com/watch?v=_AMKhZqCh7Y";"NON"
"ScBDqHiLPxU";"Il combattait… puis il a découvert l’Islam (témoignage choc)";"18:37";1117;"1,3 k vues";"il y a 5 mois";"https://www.youtube.com/watch?v=ScBDqHiLPxU";"NON"
"RXwx4kwIr4o";"Comment le 11 septembre m’a guidé vers l’islam";"23:05";1385;"5,3 k vues";"il y a 5 mois";"https://www.youtube.com/watch?v=RXwx4kwIr4o";"NON"
"zF5xMYPniro";"J’ai posé 3 questions à Allah… Réponses bouleversantes (À voir absolument)";"26:16";1576;"4,3 k vues";"il y a 5 mois";"https://www.youtube.com/watch?v=zF5xMYPniro";"NON"
"Dd2ulxWVgCg";"Réponds à ces 3 questions… et j'accepte l’Islam ! 😱";"32:32";1952;"3,6 k vues";"il y a 5 mois";"https://www.youtube.com/watch?v=Dd2ulxWVgCg";"NON"
"fHkjI-LZ2LE";"Professeur juif se convertit à l’Islam | Témoignage bouleversant";"17:17";1037;"19 k vues";"il y a 5 mois";"https://www.youtube.com/watch?v=fHkjI-LZ2LE";"NON"
"wsoJCiUqEKw";"Jésus dans l'Islam ? Ce que les musulmans croient vraiment";"16:07";967;"347 vues";"il y a 5 mois";"https://www.youtube.com/watch?v=wsoJCiUqEKw";"NON"
"wh4JpcNXgfs";"Un rabbin anti-sioniste critique le mythe de la vache rousse";"12:04";724;"11 k vues";"il y a 5 mois";"https://www.youtube.com/watch?v=wh4JpcNXgfs";"NON"
"hsrFwRoXqc0";"Iftar géant à Moscou 🇷🇺 : pourquoi 20 millions de musulmans vivent en Russie ?";"14:42";882;"3,6 k vues";"il y a 5 mois";"https://www.youtube.com/watch?v=hsrFwRoXqc0";"NON"
"JCwJbXSJTwQ";"Derrière la richesse du Golfe, une fragilité inquiétante";"17:59";1079;"364 vues";"il y a 5 mois";"https://www.youtube.com/watch?v=JCwJbXSJTwQ";"NON"
"0NsstBaMb08";"La chute du régime iranien : 3 scénarios dangereux pour le Moyen-Orient";"10:12";612;"591 vues";"il y a 5 mois";"https://www.youtube.com/watch?v=0NsstBaMb08";"NON"
"DoDhW7fyTfY";"Général israélien: Nous pouvons gagner la guerre contre l’Iran mais la catastrophe arrive !";"10:23";623;"1,2 k vues";"il y a 5 mois";"https://www.youtube.com/watch?v=DoDhW7fyTfY";"NON"
"QSJ2o7ocXqM";"Bonne nouvelle pour les musulmans, les signes du retour du Califat islamique commencent à apparaître";"14:53";893;"2,2 k vues";"il y a 5 mois";"https://www.youtube.com/watch?v=QSJ2o7ocXqM";"NON"
"xskLucS4ohQ";"Israël vs Iran : le véritable objectif du grand événement de 2027, loin de la série médiatique";"19:01";1141;"701 vues";"il y a 6 mois";"https://www.youtube.com/watch?v=xskLucS4ohQ";"NON"
"Ylbv_DdNvSU";"Expert militaire américain : Les erreurs catastrophiques des États-Unis et d’Israël face à l’Iran";"10:16";616;"1,7 k vues";"il y a 6 mois";"https://www.youtube.com/watch?v=Ylbv_DdNvSU";"NON"
"rNpzWxL5nU0";"Comment l’Iran peut paralyser l’Occident en un seul coup – Analyse du Prof. Jiang Xueqin";"11:30";690;"726 vues";"il y a 6 mois";"https://www.youtube.com/watch?v=rNpzWxL5nU0";"NON"
"_SW20k-EsDk";"Ce qu’un Israélien dit sur le Ramadan – L’analyse choquante de Mordechai";"14:45";885;"5,1 k vues";"il y a 6 mois";"https://www.youtube.com/watch?v=_SW20k-EsDk";"NON"
"jKyAfzMj2HY";"Expert chinois : voici ce à quoi mènera la guerre contre l’Iran";"16:40";1000;"19 k vues";"il y a 6 mois";"https://www.youtube.com/watch?v=jKyAfzMj2HY";"NON"
"ZQsjvtBFik0";"Pourquoi j’ai quitté le christianisme pour l’Islam | Mon histoire sincère de conversion";"15:00";900;"1,9 k vues";"il y a 6 mois";"https://www.youtube.com/watch?v=ZQsjvtBFik0";"NON"
"T4riPaxgHbo";"Imam vs Pasteur : Débat Choc en Prison – Le Pasteur Pris au Dépourvu !";"14:52";892;"3,2 k vues";"il y a 6 mois";"https://www.youtube.com/watch?v=T4riPaxgHbo";"NON"
"U-cNQcE5t3g";"Un défi de quelques minutes change tout : Madeline, ancienne ennemie des musulmans";"15:44";944;"5,9 k vues";"il y a 6 mois";"https://www.youtube.com/watch?v=U-cNQcE5t3g";"NON"
"p4OzcUjag6U";"JE NE VOULAIS PAS QUE CE SOIT VRAI";"15:03";903;"1,7 k vues";"il y a 6 mois";"https://www.youtube.com/watch?v=p4OzcUjag6U";"NON"
"amnsXnvdas8";"Tout a commencé dans le train – Témoignage inspirant d’une rencontre qui a changé une vie";"14:55";895;"1,3 k vues";"il y a 6 mois";"https://www.youtube.com/watch?v=amnsXnvdas8";"NON"
"wIQnPKANULE";"Le redoutable combattant russe se convertit à l’Islam et choque le MMA & l’UFC";"22:34";1354;"11 k vues";"il y a 6 mois";"https://www.youtube.com/watch?v=wIQnPKANULE";"NON"
"U2r-BwkGeX4";"Mon parcours de la recherche à la lumière | Comment ai-je embrassé l’Islam ?";"28:26";1706;"920 vues";"il y a 6 mois";"https://www.youtube.com/watch?v=U2r-BwkGeX4";"NON"
"PkOBd1G7ybc";"De l’autisme non verbal au bonheur à la mosquée – Une transformation bouleversante";"14:58";898;"13 k vues";"il y a 6 mois";"https://www.youtube.com/watch?v=PkOBd1G7ybc";"NON"
"1PODhLs2ymU";"Pourquoi cet Anglais du Yorkshire s’est converti à l’Islam après avoir lu l’Évangile de Barnabé";"19:13";1153;"4,9 k vues";"il y a 6 mois";"https://www.youtube.com/watch?v=1PODhLs2ymU";"NON"
"F2HiyH4TIkY";"Un professeur chinois explique pourquoi l’Islam a surpassé le judaïsme et le christianisme";"10:08";608;"10 k vues";"il y a 6 mois";"https://www.youtube.com/watch?v=F2HiyH4TIkY";"NON"
"seJilrArgfQ";"Un célèbre combattant autrichien se convertit à l’islam et témoigne";"14:41";881;"2,8 k vues";"il y a 7 mois";"https://www.youtube.com/watch?v=seJilrArgfQ";"NON"
"LMDc_orlIUM";"Millionnaire suédois: j’ai eu des relations avec des centaines de femmes et je vivais comme paradis";"16:14";974;"2,2 k vues";"il y a 7 mois";"https://www.youtube.com/watch?v=LMDc_orlIUM";"NON"
"5YbKP62aWz0";"J’ai gardé mon Islam secret pendant 7 ans | Mon histoire vraie de conversion à l’Islam";"18:06";1086;"3,4 k vues";"il y a 7 mois";"https://www.youtube.com/watch?v=5YbKP62aWz0";"NON"
"sxFIu5uKe1M";"Comment j'ai embrassé l'islam grâce à… une série Netflix ? | Témoignage sincère";"11:14";674;"2,8 k vues";"il y a 7 mois";"https://www.youtube.com/watch?v=sxFIu5uKe1M";"NON"
"tFaXzAOwnl0";"Je sors d’une boîte de nuit, j’entre dans une église… et je deviens musulman";"31:36";1896;"11 k vues";"il y a 7 mois";"https://www.youtube.com/watch?v=tFaXzAOwnl0";"NON"
"ZcAqW54yI3o";"Nous ne voulons pas de l’élite d’Epstein » – Le Coran se répand dans le monde | Dr Zakir naik";"43:44";2624;"8 k vues";"il y a 7 mois";"https://www.youtube.com/watch?v=ZcAqW54yI3o";"NON"
"JNyHoygDB8M";"Choc d’un Occidental non musulman : les prophéties du Coran se réalisent aujourd’hui.";"15:07";907;"2,8 k vues";"il y a 7 mois";"https://www.youtube.com/watch?v=JNyHoygDB8M";"NON"
"MbzjoXBvaOw";"J'ai entendu une seule phrase pendant des heures… Puis j'ai embrassé l'islam";"10:12";612;"2,5 k vues";"il y a 7 mois";"https://www.youtube.com/watch?v=MbzjoXBvaOw";"NON"
"FvcXSS4JQj4";"Conversion incroyable : Un Américain détestant l'islam devient musulman";"12:31";751;"4,3 k vues";"il y a 7 mois";"https://www.youtube.com/watch?v=FvcXSS4JQj4";"NON"
"WisO3YgcwkE";"Élevée Sans Religion, Aujourd’hui Musulmane";"12:10";730;"2 k vues";"il y a 7 mois";"https://www.youtube.com/watch?v=WisO3YgcwkE";"NON"
"A6WjPPioGu4";"La religion contre laquelle on m’avait averti m’a sauvé | Histoire vraie de conversion";"15:17";917;"2,3 k vues";"il y a 7 mois";"https://www.youtube.com/watch?v=A6WjPPioGu4";"NON"
"RB2yOkrX4Bg";"500 ans d’héritage hindou… il choisit l’islam | Histoire vraie de conversion";"14:32";872;"2,3 k vues";"il y a 7 mois";"https://www.youtube.com/watch?v=RB2yOkrX4Bg";"NON"
"PuR0ntYtC_U";"J’étais athée… puis j’ai découvert la vérité infinie (mon histoire vraie)";"11:14";674;"1,1 k vues";"il y a 7 mois";"https://www.youtube.com/watch?v=PuR0ntYtC_U";"NON"
"BYjlag3SwXo";"Comment le fait de travailler avec des musulmans m’a conduit à l’islam";"11:09";669;"2,3 k vues";"il y a 7 mois";"https://www.youtube.com/watch?v=BYjlag3SwXo";"NON"
"fbktam6TI_s";"Comment une rencontre dans un bar m’a conduit à l’islam | Histoire de conversion";"10:03";603;"3,6 k vues";"il y a 7 mois";"https://www.youtube.com/watch?v=fbktam6TI_s";"NON"
"p4ZW4MpzXlg";"Ce verset du Coran a fait vaciller un athée… puis il s’est converti";"13:56";836;"5,5 k vues";"il y a 7 mois";"https://www.youtube.com/watch?v=p4ZW4MpzXlg";"NON"
"5k7jVybAtmc";"Un Américain musulman célèbre surprend des non-musulmans et explique l’islam simplement";"10:38";638;"2 k vues";"il y a 7 mois";"https://www.youtube.com/watch?v=5k7jVybAtmc";"NON"
"kcMI3PpM9LE";"Elle refuse le hijab… et ce qui se passe ensuite choque tout le monde";"17:11";1031;"2,5 k vues";"il y a 7 mois";"https://www.youtube.com/watch?v=kcMI3PpM9LE";"NON"
"5Ezuf4HdrhM";"J’ai tout perdu… et c’est là que j’ai trouvé Allah";"10:29";629;"3,1 k vues";"il y a 7 mois";"https://www.youtube.com/watch?v=5Ezuf4HdrhM";"NON"
"FwV3n0rZWzE";"Docteur, marié depuis 14 ans : elle a demandé le divorce quand je suis devenu musulman";"14:50";890;"2,9 k vues";"il y a 7 mois";"https://www.youtube.com/watch?v=FwV3n0rZWzE";"NON"
"GkM8IiwK0Js";"Il voulait remettre l’Islam en question… la vérité a bouleversé ce professeur juif";"21:49";1309;"9,7 k vues";"il y a 7 mois";"https://www.youtube.com/watch?v=GkM8IiwK0Js";"NON"
"E6ewksjdC0k";"La preuve qui m’a conduit à embrasser l’islam | Témoignage puissant et raisonné";"11:49";709;"7,3 k vues";"il y a 7 mois";"https://www.youtube.com/watch?v=E6ewksjdC0k";"NON"
"UTunQTmwf00";"De bouddhisme à l’Islam : mon parcours pour découvrir la vérité sur la vie et la mort";"12:26";746;"2,1 k vues";"il y a 7 mois";"https://www.youtube.com/watch?v=UTunQTmwf00";"NON"
"tvg-26KRD_E";"Ancien Parrain de la Mafia Italienne se Convertit à l’Islam";"31:55";1915;"1,1 k vues";"il y a 8 mois";"https://www.youtube.com/watch?v=tvg-26KRD_E";"NON"
"KP8DzM-cHNY";"Mon parcours de conversion en Nouvelle-Zélande | Pourquoi j’ai choisi l’Islam";"29:03";1743;"3,3 k vues";"il y a 8 mois";"https://www.youtube.com/watch?v=KP8DzM-cHNY";"NON"
"rcqBOM_ijDA";"Un homme américain pleure comme un enfant lorsqu’il apprend que ses voisins musulmans vont partir.";"11:16";676;"10 k vues";"il y a 8 mois";"https://www.youtube.com/watch?v=rcqBOM_ijDA";"NON"
"Sk0_rl2GvqQ";"J’ai essayé toutes les religions : voici pourquoi j’ai choisi l’Islam | Témoignage sincère";"12:50";770;"4,2 k vues";"il y a 8 mois";"https://www.youtube.com/watch?v=Sk0_rl2GvqQ";"NON"
"LsNI9186lME";"Comment mes parents ont réagi quand je suis devenu musulman | Témoignage sincère";"16:33";993;"4,5 k vues";"il y a 8 mois";"https://www.youtube.com/watch?v=LsNI9186lME";"NON"
"kZw9eHjEh5A";"Le débat qui a secoué l’Inde pqrtie 2🔥 Shamail Al-Nadwi face à Javed Akhtar, l’athée : en français";"44:25";2665;"5,2 k vues";"il y a 8 mois";"https://www.youtube.com/watch?v=kZw9eHjEh5A";"NON"
"kpibYipuiMI";"Du christianisme à l’islam : mon parcours de foi et de transformation | Helena Stevenson";"11:03";663;"3,5 k vues";"il y a 8 mois";"https://www.youtube.com/watch?v=kpibYipuiMI";"NON"
"Msesrnb7t0A";"Le verset de la Bible qui m’a conduite à l’Islam | Témoignage de conversion bouleversant";"15:11";911;"53 k vues";"il y a 8 mois";"https://www.youtube.com/watch?v=Msesrnb7t0A";"NON"
"RTu5U5tDkts";"Le débat qui a secoué l’Inde partie 1 🔥 Shamail Al-Nadwi face à Javed Akhtar, l’athée | en français";"23:57";1437;"23 k vues";"il y a 8 mois";"https://www.youtube.com/watch?v=RTu5U5tDkts";"NON"
"zCBiujXWom8";"Je détestais l’Islam… jusqu’à découvrir la vérité | Témoignage bouleversant";"15:51";951;"10 k vues";"il y a 8 mois";"https://www.youtube.com/watch?v=zCBiujXWom8";"NON"
"TMBs_7oNwIA";"Un seul hadith a changé ma vie | Témoignage bouleversant d’un converti à l’Islam";"10:11";611;"5,6 k vues";"il y a 8 mois";"https://www.youtube.com/watch?v=TMBs_7oNwIA";"NON"
"ymZQIBwB2sg";"Aveugle, il se convertit à l’Islam : une histoire bouleversante qui a changé sa vie";"11:13";673;"7,6 k vues";"il y a 8 mois";"https://www.youtube.com/watch?v=ymZQIBwB2sg";"NON"
"rsOeD5YD6bY";"Ma Conversion à l’Islam : Mon Témoignage Bouleversant et Sincère";"11:02";662;"3,1 k vues";"il y a 8 mois";"https://www.youtube.com/watch?v=rsOeD5YD6bY";"NON"
"EQUoGEyyVy4";"J’étais avide jusqu’à ce qu’Allah m’humilie | Témoignage puissant et leçon de vie";"13:06";786;"5,6 k vues";"il y a 8 mois";"https://www.youtube.com/watch?v=EQUoGEyyVy4";"NON"
"oto4YLbbKPU";"Ma mère a pleuré quand je me suis converti… Aujourd’hui, elle est musulmane";"14:27";867;"11 k vues";"il y a 8 mois";"https://www.youtube.com/watch?v=oto4YLbbKPU";"NON"
"cmJZJadAHRo";"Je me suis converti à l’Islam après une soirée du Nouvel An ratée | Témoignage sincère";"14:31";871;"6,7 k vues";"il y a 8 mois";"https://www.youtube.com/watch?v=cmJZJadAHRo";"NON"
"VDrv9SgBsC4";"J’ai rencontré un Palestinien, il a changé ma vie";"10:51";651;"2,5 k vues";"il y a 8 mois";"https://www.youtube.com/watch?v=VDrv9SgBsC4";"NON"
"MjxZlfohm-c";"De Chrétien à Musulman au Brésil : Mon Chemin Vers l’Islam";"15:21";921;"7,4 k vues";"il y a 8 mois";"https://www.youtube.com/watch?v=MjxZlfohm-c";"NON"
"5m3e4jY8OOQ";"On m’avait dit que les musulmans étaient l’ennemi… jusqu’à ce que je les rencontre";"11:09";669;"6,2 k vues";"il y a 9 mois";"https://www.youtube.com/watch?v=5m3e4jY8OOQ";"NON"
"Kr9TkkJuh7Y";"Une Canadienne se convertit à l’islam après deux ans de recherche sur toutes les religions !";"15:31";931;"2,5 k vues";"il y a 9 mois";"https://www.youtube.com/watch?v=Kr9TkkJuh7Y";"NON"
"YK6IcpapdJA";"Je suis entré dans sa ferme pour du pain… et j’en suis sorti nourri par la lumière du Coran.";"13:16";796;"3,9 k vues";"il y a 9 mois";"https://www.youtube.com/watch?v=YK6IcpapdJA";"NON"
"fQ1HTR860Xc";"Les leçons qui ont transformé ma vie après mon voyage vers l’Islam";"16:19";979;"2,1 k vues";"il y a 9 mois";"https://www.youtube.com/watch?v=fQ1HTR860Xc";"NON"
"SMu0isaZlLg";"il parle au Prophète ﷺ et se réveille en larmes – Histoire touchante d’un cœur";"13:01";781;"Sur le chemin de la prophétie et Parcours de Lumière";"";"https://www.youtube.com/watch?v=SMu0isaZlLg";"NON"
"A9YQog14Ye0";"De la moquerie à la foi : comment une simple chanson m’a guidé vers l’Islam";"12:11";731;"50 k vues";"il y a 9 mois";"https://www.youtube.com/watch?v=A9YQog14Ye0";"NON"
"1_RG2nMFFMs";"Comment j’ai découvert la vérité de l’Islam — Mon histoire de conversion";"12:38";758;"Sur le chemin de la prophétie et Parcours de Lumière";"";"https://www.youtube.com/watch?v=1_RG2nMFFMs";"NON"
"bdiXw-vS74s";"Comédien américain : « Nous allons faire de “terroriste” un mot tendance et génial !!!";"10:36";636;"658 vues";"il y a 9 mois";"https://www.youtube.com/watch?v=bdiXw-vS74s";"NON"
"Yzc9LpJ5G30";"J’ai trouvé l’Islam sans que personne ne me guide.";"10:18";618;"2,8 k vues";"il y a 9 mois";"https://www.youtube.com/watch?v=Yzc9LpJ5G30";"NON"
"D58voajuMDc";"Élevé dans la Bible Belt… puis j’ai entendu l’Adhân : mon chemin vers l’Islam";"18:27";1107;"8,9 k vues";"il y a 9 mois";"https://www.youtube.com/watch?v=D58voajuMDc";"NON"
"2y7W74eJ4fI";"Un Britannique athée raconte son parcours bouleversant vers l’Islam";"15:17";917;"3,9 k vues";"il y a 9 mois";"https://www.youtube.com/watch?v=2y7W74eJ4fI";"NON"
"h7OWm-ON048";"Un pasteur chrétien découvre l’Islam : la vérité sur Jésus et l’Unicité de Dieu bouleverse sa vie";"14:54";894;"Sur le chemin de la prophétie et Parcours de Lumière";"";"https://www.youtube.com/watch?v=h7OWm-ON048";"NON"
"tIGaVSuWZF8";"Je suis né dans le corps du Christ… mais ressuscité dans l’islam"" — Témoignage puissant";"12:29";749;"Sur le chemin de la prophétie et Parcours de Lumière";"";"https://www.youtube.com/watch?v=tIGaVSuWZF8";"NON"
"OS8HExosC5Y";"De la Prison à l’Islam : Mon Histoire de Révélation à 18 Ans";"14:10";850;"4,4 k vues";"il y a 9 mois";"https://www.youtube.com/watch?v=OS8HExosC5Y";"NON"
"n_yJUKLrPPw";"Tu ne pourras retenir tes larmes J’ai porté le voile, puis je l’ai quitté voici ce qui m’a sauvé.";"11:21";681;"Sur le chemin de la prophétie et Parcours de Lumière";"";"https://www.youtube.com/watch?v=n_yJUKLrPPw";"NON"
"_jiuF7dKaFw";"Ma mère m’a accusé d’être fou quand elle m’a vu prier – Voici comment le Coran a changé ma vie";"12:08";728;"Sur le chemin de la prophétie et Parcours de Lumière";"";"https://www.youtube.com/watch?v=_jiuF7dKaFw";"NON"
"w8lrnPpfkvI";"Pendant des mois, j’ai prié en secret. Personne ne savait que j’étais musulman… Voici pourquoi.";"13:17";797;"Sur le chemin de la prophétie et Parcours de Lumière";"";"https://www.youtube.com/watch?v=w8lrnPpfkvI";"NON"
"Ez48eiMpjxw";"De la sorcellerie à la lumière de l’Islam – Une Britannique raconte sa conversion bouleversante !";"11:56";716;"Sur le chemin de la prophétie et Parcours de Lumière";"";"https://www.youtube.com/watch?v=Ez48eiMpjxw";"NON"
"V4MCyqUpcN4";"Une jeune juive quitte la richesse et la célébrité pour embrasser l’Islam";"15:36";936;"Sur le chemin de la prophétie et Parcours de Lumière";"";"https://www.youtube.com/watch?v=V4MCyqUpcN4";"NON"
"qy7heff_sHs";"Ma femme m’a quitté quand je suis devenu musulman… et mon fils m’a tourné le dos";"15:48";948;"23 k vues";"il y a 10 mois";"https://www.youtube.com/watch?v=qy7heff_sHs";"NON"
"HJWvXLNmqHw";"L’officier britannique Richard Fairley embrasse l’Islam et décide de le défendre à sa manière !";"11:37";697;"3,1 k vues";"il y a 10 mois";"https://www.youtube.com/watch?v=HJWvXLNmqHw";"NON"
"iDp1Fr8s4Wg";"Elle a failli mettre fin à sa vie… puis elle s’est convertie à l’Islam.";"10:12";612;"Sur le chemin de la prophétie et Parcours de Lumière";"";"https://www.youtube.com/watch?v=iDp1Fr8s4Wg";"NON"
"_nlDb3F5vT4";"Comment j’ai embrassé l’islam à 18 ans — Témoignage d’un Finlandais converti";"13:47";827;"2,1 k vues";"il y a 10 mois";"https://www.youtube.com/watch?v=_nlDb3F5vT4";"NON"
"AgYgQcK8ZHM";"De la rue à la lumière : mon histoire avec un gang à Porto Rico et ma rencontre avec ALLAH";"13:31";811;"2,2 k vues";"il y a 10 mois";"https://www.youtube.com/watch?v=AgYgQcK8ZHM";"NON"
"P687PpdAsF0";"De l’ombre à la lumière : mon cheminement vers l’islam";"14:15";855;"6,3 k vues";"il y a 10 mois";"https://www.youtube.com/watch?v=P687PpdAsF0";"NON"
"qfaIDBSJkfE";"Le secret révélé : À 90 ans, elle choisit l’islam sur son lit de mort";"12:15";735;"3,8 k vues";"il y a 10 mois";"https://www.youtube.com/watch?v=qfaIDBSJkfE";"NON"
"XeVN5Rl2TTo";"J’ai trouvé l’islam en Belgique – Mon père a crié : ‘Les musulmans sont des terroristes !";"22:09";1329;"10 k vues";"il y a 10 mois";"https://www.youtube.com/watch?v=XeVN5Rl2TTo";"NON"
"hwLEUbSFpNM";"Astronome japonais se convertit à l’islam après 1 verset du Coran !";"14:40";880;"3,9 k vues";"il y a 10 mois";"https://www.youtube.com/watch?v=hwLEUbSFpNM";"NON"
"EGGRI5a2Wkg";"Comment un athée américain est devenu musulman après avoir étudié toutes les religions";"17:19";1039;"3,1 k vues";"il y a 10 mois";"https://www.youtube.com/watch?v=EGGRI5a2Wkg";"NON"
"I-NNiPv7Mac";"Une juive qui embrasse l'islam, une très belle histoire";"12:48";768;"1,1 k vues";"il y a 10 mois";"https://www.youtube.com/watch?v=I-NNiPv7Mac";"NON"
"-X-wAbgEEcY";"Une femme raconte : “Je dansais, je buvais et je suivais les hommes… jusqu’à ce que Dieu me guide !";"27:09";1629;"2,4 k vues";"il y a 10 mois";"https://www.youtube.com/watch?v=-X-wAbgEEcY";"NON"
"fy55XzSIajw";"De la conversion des musulmans à une vision terrifiante de Dieu";"11:21";681;"1,7 k vues";"il y a 10 mois";"https://www.youtube.com/watch?v=fy55XzSIajw";"NON"
"0c6PX_eSwyg";"Un prêtre chrétien usa découvre la vérité cachée sur le christianisme et embrasse l'islam";"29:18";1758;"18 k vues";"il y a 10 mois";"https://www.youtube.com/watch?v=0c6PX_eSwyg";"NON"
"ezd-JLxpA4M";"Un jeune homme interroge trois nonnes sur Jésus… leur réaction choque tout le monde !";"23:19";1399;"2,3 k vues";"il y a 10 mois";"https://www.youtube.com/watch?v=ezd-JLxpA4M";"NON"
"L9JCH_RTOHk";"L’histoire de la conversion à l’islam du professeur Duraid Matta Boutros (Duraid Al-Mosulli).";"11:33";693;"2 k vues";"il y a 10 mois";"https://www.youtube.com/watch?v=L9JCH_RTOHk";"NON"
"_cKBi8K96Zc";"Un prédicateur chrétien usa découvre le prophète Mohammed dans la Bible et se convertit à l’islam.";"13:03";783;"6,1 k vues";"il y a 10 mois";"https://www.youtube.com/watch?v=_cKBi8K96Zc";"NON"
"bWJ3Aj10ubs";"Un Américain chrétien embrasse l’islam et devient prédicateur après un acte criminel.";"16:34";994;"2,5 k vues";"il y a 10 mois";"https://www.youtube.com/watch?v=bWJ3Aj10ubs";"NON"
"J9UgrOVUqgY";"Le prédicateur le plus célèbre de l’islam en Asie raconte son histoire de conversion incroyable !!!";"13:05";785;"10 k vues";"il y a 10 mois";"https://www.youtube.com/watch?v=J9UgrOVUqgY";"NON"
"Ah-GOwxWXYg";"La reine de beauté de Thaïlande se convertit à l’islam après avoir vu… !!!!!!!!";"21:13";1273;"3,7 k vues";"il y a 10 mois";"https://www.youtube.com/watch?v=Ah-GOwxWXYg";"NON"
"qGA6L_fkFlI";"Comment le plus célèbre YouTuber chrétien s’est-il converti à l’islam après l’avoir détesté ?";"10:15";615;"6,2 k vues";"il y a 11 mois";"https://www.youtube.com/watch?v=qGA6L_fkFlI";"NON"
"YGaQAYv-aXQ";"Le célèbre YouTuber américain Sonny Faz embrasse l’islam ! Une annonce qui choque Internet 🌍🔥";"11:03";663;"3,8 k vues";"il y a 11 mois";"https://www.youtube.com/watch?v=YGaQAYv-aXQ";"NON"
"Mii-aXW1Ugs";"Bruno Guiderdoni : Le Cosmos dans le Coran et la science islamique";"43:32";2612;"2,4 k vues";"il y a 11 mois";"https://www.youtube.com/watch?v=Mii-aXW1Ugs";"NON"
"f9Q7zJ-yFJc";"Un Britannique se convertit à l’islam après que sa petite amie musulmane l’a quitté !";"15:07";907;"6,9 k vues";"il y a 11 mois";"https://www.youtube.com/watch?v=f9Q7zJ-yFJc";"NON"
"mR8-fISiesg";"Elle voulait exposer l’Islam… mais la Bible l’a complètement bouleversée ! 😱 (Incroyable révélation)";"10:41";641;"4,2 k vues";"il y a 11 mois";"https://www.youtube.com/watch?v=mR8-fISiesg";"NON"
"-bAZCXBiFdE";"Perdu, j’ai reçu un rêve d’Allah qui m’a guidé vers l’islam.";"11:53";713;"2,3 k vues";"il y a 11 mois";"https://www.youtube.com/watch?v=-bAZCXBiFdE";"NON"
"Ptlt6kZb4to";"J’ai tout quitté pour l’Islam – Mon témoignage va vous bouleverser";"14:11";851;"6,4 k vues";"il y a 11 mois";"https://www.youtube.com/watch?v=Ptlt6kZb4to";"NON"
"mXj0MVnGhSs";"J’ai étudié le christianisme… et c’est ce qui m’a fait le quitter";"17:47";1067;"13 k vues";"il y a 11 mois";"https://www.youtube.com/watch?v=mXj0MVnGhSs";"NON"
"FqTpHQcO7I4";"Un historien britannique ouvre le Coran chaque jour… et il se passe quelque chose d’étonnant";"23:40";1420;"7 k vues";"il y a 11 mois";"https://www.youtube.com/watch?v=FqTpHQcO7I4";"NON"
"_TnV7_L4ZUk";"Une ex-chrétienne interroge les croyants|saurez-vous répondre à ses questions sur la foi chrétienne";"12:21";741;"3,1 k vues";"il y a 11 mois";"https://www.youtube.com/watch?v=_TnV7_L4ZUk";"NON"
"xHyI07H3Zj8";"J’avais peur de l’islam… Puis j’ai lu le Coran – Ce que j’ai découvert m’a bouleversé";"18:56";1136;"8,2 k vues";"il y a 11 mois";"https://www.youtube.com/watch?v=xHyI07H3Zj8";"NON"
"MRbQfiBwRYg";"J’ai cherché la vérité dans le christianisme et le judaïsme, et je ne l’ai trouvée qu’en Islam !";"13:37";817;"4 k vues";"il y a 11 mois";"https://www.youtube.com/watch?v=MRbQfiBwRYg";"NON"
"e2biL26kO10";"Un homme découvre qu’il n’est pas fait pour le christianisme";"13:15";795;"1,8 k vues";"il y a 11 mois";"https://www.youtube.com/watch?v=e2biL26kO10";"NON"
"EJmCo3CjFmg";"Le Secret Interdit : Pourquoi les Prêtres se Convertissent EN MASSE à l’Islam ?!";"21:13";1273;"9,3 k vues";"il y a 11 mois";"https://www.youtube.com/watch?v=EJmCo3CjFmg";"NON"
"cGmE7Fubqdk";"Un jeune Américain célèbre découvre l’Islam en lisant le Coran – Sa mère se convertit aussi !";"13:52";832;"3,8 k vues";"il y a 11 mois";"https://www.youtube.com/watch?v=cGmE7Fubqdk";"NON"
"hyei55ZYQNg";"Soldate américaine se convertit à l’islam et entraîne toute sa famille – Une histoire émouvante";"11:52";712;"17 k vues";"il y a 11 mois";"https://www.youtube.com/watch?v=hyei55ZYQNg";"NON"
"1vYrQQ_oxKU";"Un jeune Anglais se convertit à l’Islam grâce au mystère de l’invisible – Toute sa famille le suit !";"19:25";1165;"10 k vues";"il y a 11 mois";"https://www.youtube.com/watch?v=1vYrQQ_oxKU";"NON"
"31FCBy_O3Os";"Un Anglais se convertit à l’Islam grâce à un Coran caché par sa mère – Magnifique histoire";"10:46";646;"8,2 k vues";"il y a 1 an";"https://www.youtube.com/watch?v=31FCBy_O3Os";"NON"
"4JKnm_jl8As";"Quand Allah te choisit… Regarde sans pleurer ? Impossible !";"10:41";641;"8,2 k vues";"il y a 1 an";"https://www.youtube.com/watch?v=4JKnm_jl8As";"NON"
"fxsGpRVb3C4";"Australien se convertit à l’Islam après avoir admiré les qualités d’un musulman";"17:41";1061;"7,3 k vues";"il y a 1 an";"https://www.youtube.com/watch?v=fxsGpRVb3C4";"NON"
"lBOtNSV0Iqg";"Un Australien très drôle se convertit à l’Islam – Impossible de ne pas rire !";"23:51";1431;"30 k vues";"il y a 1 an";"https://www.youtube.com/watch?v=lBOtNSV0Iqg";"NON"
"GLcLYzV_q-A";"Le plus grand peintre de l’histoire : sa rencontre avec l’Islam en Algérie qui a choqué la France";"10:12";612;"1,5 k vues";"il y a 1 an";"https://www.youtube.com/watch?v=GLcLYzV_q-A";"NON"
"B0IH0vX1xgI";"Peut-on être sauvé sans être musulman ? Débat Choc Dr Zakir Naik";"12:46";766;"966 vues";"il y a 1 an";"https://www.youtube.com/watch?v=B0IH0vX1xgI";"NON"
"ZSpNqgCsXAk";"Un Américain se convertit à l’islam après 2 mots d’un Saoudien – Une histoire bouleversante !";"10:55";655;"8 k vues";"il y a 1 an";"https://www.youtube.com/watch?v=ZSpNqgCsXAk";"NON"
"FjQxCb_R2bs";"Une Française fond en larmes en parlant de la souffrance du peuple palestinien";"10:53";653;"869 vues";"il y a 1 an";"https://www.youtube.com/watch?v=FjQxCb_R2bs";"NON"
"3NbJ_h96Z3U";"J’ai juré de faire quitter l’islam à cet homme musulman: Mais ce qui m’est arrivé n’était pas prévu";"12:44";764;"10 k vues";"il y a 1 an";"https://www.youtube.com/watch?v=3NbJ_h96Z3U";"NON"
"19YXwO5AmzM";"Juifs et chrétiens se convertissent à l’islam et défendent la Palestine.";"10:35";635;"18 k vues";"il y a 1 an";"https://www.youtube.com/watch?v=19YXwO5AmzM";"NON"
"wQ_R3kwIALo";"J'étais un chrétien fervent, puis j'ai entendu le Coran par hasard, et ce que j'ai vu est incroyable";"10:55";655;"4 k vues";"il y a 1 an";"https://www.youtube.com/watch?v=wQ_R3kwIALo";"NON"
"BNnG0uxB42A";"Un prêtre américain voulait convertir un musulman… mais il s’est lui-même converti à l’Islam !";"28:48";1728;"30 k vues";"il y a 1 an";"https://www.youtube.com/watch?v=BNnG0uxB42A";"NON"
"UlE1HBHZewI";"Un ancien israélien se convertit à l’Islam et révèle les plans contre Al Aqsa";"13:05";785;"12 k vues";"il y a 1 an";"https://www.youtube.com/watch?v=UlE1HBHZewI";"NON"
"MQ0s0FJqlao";"Prêtre célèbre en Amérique se convertit à l’Islam après une découverte choquante dans le Coran";"15:46";946;"7,6 k vues";"il y a 1 an";"https://www.youtube.com/watch?v=MQ0s0FJqlao";"NON"
"4iR-zUtcIi8";"Un grand prêtre chrétien voulait prouver que le Coran est une invention mais…";"11:27";687;"11 k vues";"il y a 1 an";"https://www.youtube.com/watch?v=4iR-zUtcIi8";"NON"
"882YxkIgFmY";"Une athée se convertit à l’islam et s’effondre en larmes après que ses questions ont trouvé réponse.";"21:34";1294;"1,9 k vues";"il y a 1 an";"https://www.youtube.com/watch?v=882YxkIgFmY";"NON"
"dgCZrbzMyR8";"Un Professeur Britannique Découvre une Prophétie et se Convertit à l’Islam";"10:27";627;"7,7 k vues";"il y a 1 an";"https://www.youtube.com/watch?v=dgCZrbzMyR8";"NON"
"raNwgor4JN4";"Une journaliste britannique célèbre découvre la vérité sur l’islam après une incroyable surprise.";"31:38";1898;"1,4 k vues";"il y a 1 an";"https://www.youtube.com/watch?v=raNwgor4JN4";"NON"
"F3YSbGLJHgE";"Elle s’agenouille et prie: Ô mon Dieu, si Tu existes...alors soulage-moi ou fais-moi mourir";"12:11";731;"6,8 k vues";"il y a 1 an";"https://www.youtube.com/watch?v=F3YSbGLJHgE";"NON"
"NOP-OjWUJLA";"La vérité derrière les événements en Palestine ! Israël prépare la venue du Dajjal avec la vache.";"16:53";1013;"4,3 k vues";"il y a 1 an";"https://www.youtube.com/watch?v=NOP-OjWUJLA";"NON"
"69POXViwB7E";"Jeffrey Lang : Le mathématicien américain qui a choisi l’Islam";"35:00";2100;"29 k vues";"il y a 1 an";"https://www.youtube.com/watch?v=69POXViwB7E";"NON"
"6_VjUePLO3Y";"Ce Grand Rabbin Juif Défend l’Islam et Révèle un Secret Choc sur la Fin d’Israël !";"10:32";632;"48 k vues";"il y a 1 an";"https://www.youtube.com/watch?v=6_VjUePLO3Y";"NON"
"UoUUJtatM44";"Une femme juive américaine se convertit à l'islam après avoir jeté le Coran par terre !!!";"11:19";679;"3 k vues";"il y a 1 an";"https://www.youtube.com/watch?v=UoUUJtatM44";"NON"
"dJIwi2V16Ao";"Si Allah est capable:pourquoi ne soutient-Il pas Gaza ? | Où est Allah face aux enfants de Palestine";"11:50";710;"960 vues";"il y a 1 an";"https://www.youtube.com/watch?v=dJIwi2V16Ao";"NON"
"U-PSPykqph4";"Bruno Guiderdoni : un astronome entre en Islam à cause d’un verset coranique qui secoue la NASA";"15:37";937;"137 k vues";"il y a 1 an";"https://www.youtube.com/watch?v=U-PSPykqph4";"NON"
"jvsZlED0mh8";"Nous vivons à l'ère du khilafa islamique qui, si Allah le veut, gouvernera l'ordre mondial.";"17:25";1045;"924 vues";"il y a 1 an";"https://www.youtube.com/watch?v=jvsZlED0mh8";"NON"
"MFjZTcqFfxA";"j’ai posé une question au prêtre — et là, ce fut le choc.";"19:34";1174;"4 k vues";"il y a 1 an";"https://www.youtube.com/watch?v=MFjZTcqFfxA";"NON"
"EdiDvEbfADM";"🔴 Un YouTuber Américain Dévoile le Vrai Motif du Soutien Occidental à Isr...aël !";"14:50";890;"4,8 k vues";"il y a 1 an";"https://www.youtube.com/watch?v=EdiDvEbfADM";"NON"
"XZcdh_6weLs";"Un professeur britannique d’une intelligence exceptionnelle révèle une surprise dans le Coran";"11:08";668;"8 k vues";"il y a 1 an";"https://www.youtube.com/watch?v=XZcdh_6weLs";"NON"
"wQUye8SLU4g";"L’histoire de la conversion à l’islam du professeur américain Hamza Yusuf";"10:16";616;"4,5 k vues";"il y a 1 an";"https://www.youtube.com/watch?v=wQUye8SLU4g";"NON"
"7W8hesEJq1k";"Ce que j’ai découvert a changé ma vie pour toujours !!";"38:06";2286;"5,1 k vues";"il y a 1 an";"https://www.youtube.com/watch?v=7W8hesEJq1k";"NON"
"Mh-Zl9TMVbY";"Le dixième signe annonciateur de la chute d’Israël s’est manifesté sous nos yeux.";"16:12";972;"22 k vues";"il y a 1 an";"https://www.youtube.com/watch?v=Mh-Zl9TMVbY";"NON"
"GINjjoNjw8g";"Comment ce chanteur légendaire a trouvé la paix dans l’islam.";"24:24";1464;"2,1 k vues";"il y a 1 an";"https://www.youtube.com/watch?v=GINjjoNjw8g";"NON"
"_2McP7DcDsM";"ABDERRAHMAN GREEN s'est converti à l’islam : On ne peut tuer Dieu et le clouer sur une croix";"23:28";1408;"25 k vues";"il y a 1 an";"https://www.youtube.com/watch?v=_2McP7DcDsM";"NON"
"cCN5YYrLlMw";"Il voulait faire quitter l’islam à son frère… mais ce qui s’est passé l’a bouleversé !";"13:09";789;"23 k vues";"il y a 1 an";"https://www.youtube.com/watch?v=cCN5YYrLlMw";"NON"
"4bsU8pTvs2w";"Youssef, originaire d’Espagne, s’est converti à l’islam d’une manière étonnante.";"12:08";728;"4 k vues";"il y a 1 an";"https://www.youtube.com/watch?v=4bsU8pTvs2w";"NON"
"q72wBtQ2x5I";"À l'école, on nous parlait de toutes les religions… sauf de l'islam !";"22:53";1373;"6,6 k vues";"il y a 1 an";"https://www.youtube.com/watch?v=q72wBtQ2x5I";"NON"
"RmEhaWV4J6k";"J'ai marché 1000 km pour trouver Dieu. Et je l'ai trouvé.";"14:01";841;"1,7 k vues";"il y a 1 an";"https://www.youtube.com/watch?v=RmEhaWV4J6k";"NON"
"r55LiVKWfuk";"J’étais actrice à Hollywood… mais l’islam a sauvé ma vie après la chute !";"21:30";1290;"5,6 k vues";"il y a 1 an";"https://www.youtube.com/watch?v=r55LiVKWfuk";"NON"
"uQ-HSKi8cG4";"Prisonnière des Talibans : ce que cette journaliste a découvert va vous choquer !";"19:55";1195;"6,4 k vues";"il y a 1 an";"https://www.youtube.com/watch?v=uQ-HSKi8cG4";"NON"
"3OUHQz0qrMk";"La sorcellerie chrétienne m'a poussée à me convertir à l'islam.";"11:56";716;"6,4 k vues";"il y a 1 an";"https://www.youtube.com/watch?v=3OUHQz0qrMk";"NON"
"Tr7Jh95lOGU";"Un penseur occidental défie l’Islam: la réponse choc d’une étudiante musulmane fait le tour du monde";"24:45";1485;"3,5 k vues";"il y a 1 an";"https://www.youtube.com/watch?v=Tr7Jh95lOGU";"NON"
"hUK_9xBWhEw";"Débat explosif ! La nouvelle conférence choc du Dr Zakir Naik 😡";"12:04";724;"1,7 k vues";"il y a 1 an";"https://www.youtube.com/watch?v=hUK_9xBWhEw";"NON"
"gW9QsCEbydM";"Un Américain voit un verset coranique en rêve et se convertit : une histoire bouleversante !";"15:32";932;"10 k vues";"il y a 1 an";"https://www.youtube.com/watch?v=gW9QsCEbydM";"NON"
"3XSX4HSBzlQ";"Le Fondateur du Black Metal Raconte Sa Conversion Choc";"15:18";918;"4,3 k vues";"il y a 1 an";"https://www.youtube.com/watch?v=3XSX4HSBzlQ";"NON"
"bbadeR9HgO0";"Message Choc aux Adultères – Une Alerte Spirituelle par Cheikh Hussein Yaacoub";"11:10";670;"375 vues";"il y a 1 an";"https://www.youtube.com/watch?v=bbadeR9HgO0";"NON"
"8Z4e9Yr1twQ";"Elle fuit l’Église, lit la Bible… et découvre la vérité de l’Islam !";"25:20";1520;"1,8 k vues";"il y a 1 an";"https://www.youtube.com/watch?v=8Z4e9Yr1twQ";"NON"
"_QHq9_5UN3A";"Scène forte au tribunal : Une femme musulmane défie la juge pour son hijab";"13:24";804;"2,6 k vues";"il y a 1 an";"https://www.youtube.com/watch?v=_QHq9_5UN3A";"NON"
"qtuiy3V3e0o";"Débat Explosif : Dr Zakir Naik Répond avec Force à un Professeur Athée !";"16:18";978;"10 k vues";"il y a 1 an";"https://www.youtube.com/watch?v=qtuiy3V3e0o";"NON"
"-A1VgBPcSuk";"Sermon enflammé du Cheikh Mahmoud Al-Hassanat";"10:27";627;"20 k vues";"il y a 1 an";"https://www.youtube.com/watch?v=-A1VgBPcSuk";"NON"
"xEl066Jy3UA";"Du christianisme à l'islam : ""J'ai crié vers Dieu après l'accident !";"26:52";1612;"10 k vues";"il y a 1 an";"https://www.youtube.com/watch?v=xEl066Jy3UA";"NON"
"PcFhPF0hTdg";"Le Sans-Abri le Plus Célèbre de Grande-Bretagne Devient Musulman.";"10:23";623;"2,1 k vues";"il y a 1 an";"https://www.youtube.com/watch?v=PcFhPF0hTdg";"NON"
"QYqHTJgiYl4";"Il lit le Coran en 18h pour le critiquer – Ce qui arrive ensuite le change à jamais";"10:17";617;"3 k vues";"il y a 1 an";"https://www.youtube.com/watch?v=QYqHTJgiYl4";"NON"
"fVdNch7s1-k";"Je l’aimais… puis un choc a changé ma vie et m’a guidée vers l’islam, à jamais !";"10:36";636;"5 k vues";"il y a 1 an";"https://www.youtube.com/watch?v=fVdNch7s1-k";"NON"
"2IMhG55wpUI";"Ma mère a pété les plombs en apprenant ma conversion.";"15:28";928;"3,4 k vues";"il y a 1 an";"https://www.youtube.com/watch?v=2IMhG55wpUI";"NON"
"UAZGQDRykro";"Ma mère m’a caché du porc… Une jeune Américaine convertie à l'islam: Histoire vraie bouleversante";"17:35";1055;"19 k vues";"il y a 1 an";"https://www.youtube.com/watch?v=UAZGQDRykro";"NON"
"GCla_nhKoDI";"Un homme juif américain voit le Prophète Mohammed en rêve après l’avoir trouvé dans la Torah.";"17:05";1025;"82 k vues";"il y a 1 an";"https://www.youtube.com/watch?v=GCla_nhKoDI";"NON"
"dXYIBfY-_XQ";"🎯 ""Gary Miller : Le génie des maths qui a défié le Coran… et découvert l’incroyable vérité";"10:41";641;"41 k vues";"il y a 1 an";"https://www.youtube.com/watch?v=dXYIBfY-_XQ";"NON"
"eBsHUTq5akw";"J’étais de leur côté, je connais leur secret ! J’ai vu La Prophétie et je suis devenu musulman.";"11:34";694;"3,5 k vues";"il y a 1 an";"https://www.youtube.com/watch?v=eBsHUTq5akw";"NON"
"cq9RXFXT6J8";"🔥 Débat CHOC entre un Professeur Athée et un Cheikh Musulman – Une Fin Inattendue !";"29:52";1792;"8,2 k vues";"il y a 1 an";"https://www.youtube.com/watch?v=cq9RXFXT6J8";"NON"
"2icfPxn6wKo";"L’histoire de la conversion à l’islam du professeur Jeffrey Lang – conférence complète";"1:16:05";4565;"76 k vues";"il y a 1 an";"https://www.youtube.com/watch?v=2icfPxn6wKo";"NON"
"qNpwNdaPT38";"Pourquoi j'aime l'islam  : une pasteure américaine prêche l'islam dans une église.";"16:20";980;"21 k vues";"il y a 1 an";"https://www.youtube.com/watch?v=qNpwNdaPT38";"NON"
"6S_bwgJlNyQ";"Je promets d’essayer l’islam si je vis encore !"" Une médecin bouleversée ! Gloire à Dieu !";"29:42";1782;"4,8 k vues";"il y a 1 an";"https://www.youtube.com/watch?v=6S_bwgJlNyQ";"NON"
"Tx_mNguuO4A";"Un étudiant chinois entre dans une mosquée et change de vie grâce à un vieil homme.";"25:01";1501;"12 k vues";"il y a 1 an";"https://www.youtube.com/watch?v=Tx_mNguuO4A";"NON"
"TbB00Blc0fs";"Le mathématicien qui pensait avoir trouvé une erreur dans le Coran… jusqu’au choc de sa vie.";"24:38";1478;"774 k vues";"il y a 1 an";"https://www.youtube.com/watch?v=TbB00Blc0fs";"NON"
"Z-tKVJBxn-k";"🎤 Débat CHOC : Une étudiante musulmane coréenne fait TAIRE une missionnaire chrétienne.";"23:49";1429;"35 k vues";"il y a 1 an";"https://www.youtube.com/watch?v=Z-tKVJBxn-k";"NON"
"keq-WTzVitY";"De prêtre chrétien à prédicateur musulman : son incroyable voyage spirituel en Arabie Saoudite";"10:04";604;"5 k vues";"il y a 1 an";"https://www.youtube.com/watch?v=keq-WTzVitY";"NON"
"y8UflG064wo";"Trump Fou de Rage : Vague de Conversions à l'Islam aux USA ! (EXPLOSIF)";"21:45";1305;"7,8 k vues";"il y a 1 an";"https://www.youtube.com/watch?v=y8UflG064wo";"NON"
"fzl7ExOdhxE";"Une Palestinienne courageuse dans un débat historique face à Avichay Adraee... Regardez.";"25:38";1538;"3,6 k vues";"il y a 1 an";"https://www.youtube.com/watch?v=fzl7ExOdhxE";"NON"
"oShI_S4h-Gs";"Les plus beaux moments de prononciation de la Shahada Les femmes pleurent en se convertissant.😢";"17:13";1033;"3,2 k vues";"il y a 1 an";"https://www.youtube.com/watch?v=oShI_S4h-Gs";"NON"
"BkJJgs92cko";"Débat choc : Une musulmane réduit au silence une athée en direct et la convertit à l'islam !";"37:15";2235;"40 k vues";"il y a 1 an";"https://www.youtube.com/watch?v=BkJJgs92cko";"NON"
"7ZEpzlM4h10";"L'islam se répand au Salvador, pays autrefois le plus dangereux";"10:22";622;"1,9 k vues";"il y a 1 an";"https://www.youtube.com/watch?v=7ZEpzlM4h10";"NON"
"cV4WCBBnq1M";"Un musulman entre dans une église et raconte aux chrétiens la véritable histoire de Jésus (Issa)";"13:17";797;"37 k vues";"il y a 1 an";"https://www.youtube.com/watch?v=cV4WCBBnq1M";"NON"
"_n0holP3xRA";"Foi ou Logique ? Débat entre un Musulman et un Professeur Chrétien";"22:35";1355;"13 k vues";"il y a 1 an";"https://www.youtube.com/watch?v=_n0holP3xRA";"NON"
"Wjs3zq7uah8";"👉 Le Juif défie un jeune musulman : ses réponses vont tout changer !";"18:06";1086;"97 k vues";"il y a 1 an";"https://www.youtube.com/watch?v=Wjs3zq7uah8";"NON"
"zz7IITrWMw4";"Un jeune musulman fait taire un professeur athée arrogant avec seulement un verre d’eau.";"16:26";986;"77 k vues";"il y a 1 an";"https://www.youtube.com/watch?v=zz7IITrWMw4";"NON"
"NVK05DvgIgU";"🔥 Une Musulmane Remet à Sa Place une Professeure Athée qui Se Moquait du Jeûne.";"18:49";1129;"16 k vues";"il y a 1 an";"https://www.youtube.com/watch?v=NVK05DvgIgU";"NON"
"Ri-x579woTU";"🔥 ""DÉBAT CHOC : Moine Bouddhiste vs Prêtre Chrétien vs Savant Musulman – Qui a Raison";"11:48";708;"3,4 k vues";"il y a 1 an";"https://www.youtube.com/watch?v=Ri-x579woTU";"NON"
"68AcYCNKOzQ";"🔴 Vous ne croirez pas ce que le cheikh Youssef a dit sur les cheikhs du sultan!";"11:31";691;"1,2 k vues";"il y a 1 an";"https://www.youtube.com/watch?v=68AcYCNKOzQ";"NON"
"mqpPZqknB5I";"🔥 Une Jeune Musulmane HUMILIE un Professeur Athée avec un Simple Verre de Lait !";"21:49";1309;"182 k vues";"il y a 1 an";"https://www.youtube.com/watch?v=mqpPZqknB5I";"NON"
"4DekECVtpdE";"Un jeune homme : Si vous répondez à mes 6 questions, je me convertirai à l'islam. – Zakir Naik";"15:28";928;"1,5 k vues";"il y a 1 an";"https://www.youtube.com/watch?v=4DekECVtpdE";"NON"
"wgNMXOr5yzc";"7 miracles dans l'univers mentionnés par Allah dans le Coran.";"11:05";665;"701 vues";"il y a 1 an";"https://www.youtube.com/watch?v=wgNMXOr5yzc";"NON"
"URqYoZZQwMM";"le Coran est plus puissant qu'eux. : (vidéo importante)";"10:30";630;"668 vues";"il y a 1 an";"https://www.youtube.com/watch?v=URqYoZZQwMM";"NON"
"4ss6hUB5m3Y";"Allahu Akbar : L'Islam séduit de plus en plus de femmes en Occident.";"23:56";1436;"2,5 k vues";"il y a 1 an";"https://www.youtube.com/watch?v=4ss6hUB5m3Y";"NON"
"jtSxVPCJsY8";"Une étudiante musulmane défie une professeure athée en plein cours !";"24:44";1484;"27 k vues";"il y a 1 an";"https://www.youtube.com/watch?v=jtSxVPCJsY8";"NON"
"YiXyFxYH0JY";"L'islam est-il la vraie religion ? Débat intense entre un musulman et un athée.";"11:25";685;"2 k vues";"il y a 1 an";"https://www.youtube.com/watch?v=YiXyFxYH0JY";"NON"
"LISPG0HP_lA";"Avec une pincée de sel, un jeune musulman cloue le bec à un docteur athée ! 🧂⚡";"28:52";1732;"103 k vues";"il y a 1 an";"https://www.youtube.com/watch?v=LISPG0HP_lA";"NON"
"qIcAq0ag4Ao";"Pourquoi des scientifiques brillants doutent-ils d’un Créateur ?";"16:05";965;"1,1 k vues";"il y a 1 an";"https://www.youtube.com/watch?v=qIcAq0ag4Ao";"NON"
"KkMtYYdkA_c";"Un prof de philosophie athée provoque l'islam, la réponse d'une étudiante musulmane le sidère !";"18:19";1099;"77 k vues";"il y a 1 an";"https://www.youtube.com/watch?v=KkMtYYdkA_c";"NON"
"LJzpwAxX95E";"Quand j'ai prononcé la Shahada : le jour où ma vie a pris un nouveau sens.";"19:12";1152;"6,5 k vues";"il y a 1 an";"https://www.youtube.com/watch?v=LJzpwAxX95E";"NON"
"tTuOOaUsvww";"Un athée défie Dr Zakir : Le Coran ordonne-t-il de frapper les femmes ?";"21:03";1263;"55 k vues";"il y a 1 an";"https://www.youtube.com/watch?v=tTuOOaUsvww";"NON"
"xAGuCT8rbvw";"Un philosophe juif dit la vérité et remet à sa place un journaliste qui défend Israël et l'Amérique.";"13:23";803;"1,3 k vues";"il y a 1 an";"https://www.youtube.com/watch?v=xAGuCT8rbvw";"NON"
"mc8CDC76AAE";"Un Médecin Athée Découvre un Miracle Scientifique dans le Coran et se Convertit à l’Islam !";"10:16";616;"5,2 k vues";"il y a 1 an";"https://www.youtube.com/watch?v=mc8CDC76AAE";"NON"
"3BEJHZBvgmk";"Elle a étudié l’Islam pour reconvertir son frère… mais une surprise l’a fait embrasser l’Islam !";"11:03";663;"7,5 k vues";"il y a 1 an";"https://www.youtube.com/watch?v=3BEJHZBvgmk";"NON"
"kTrmpiV5Dss";"J'ai quitté le christianisme car il n'est pas logique ! Puis Allah m'a guidé vers la vérité.";"17:57";1077;"2,4 k vues";"il y a 1 an";"https://www.youtube.com/watch?v=kTrmpiV5Dss";"NON"
"UQm11idMEU0";"Comment SALAH-DDINE a libéré Jérusalem – Étonnant, l'Histoire se répète.";"30:57";1857;"4,1 k vues";"il y a 1 an";"https://www.youtube.com/watch?v=UQm11idMEU0";"NON"
"dPYHLvy2nP8";"Les épreuves et le viol m'ont menée à l'Islam ! J'ai crié à Dieu, puis un miracle est arrivé !";"14:31";871;"9,3 k vues";"il y a 1 an";"https://www.youtube.com/watch?v=dPYHLvy2nP8";"NON"
"u9Bjz30Kj3w";"La Conquête de l’Andalousie : L'Histoire Méconnue de l’Espagne Musulmane.";"17:34";1054;"1,6 k vues";"il y a 1 an";"https://www.youtube.com/watch?v=u9Bjz30Kj3w";"NON"
"s7-m13Ds3cM";"Des célébrités révèlent pourquoi elles se sont converties à l'islam.";"11:50";710;"1 k vues";"il y a 1 an";"https://www.youtube.com/watch?v=s7-m13Ds3cM";"NON"
"FhYu2cu0VTQ";"L'histoire de la conversion à l'Islam du plus grand commandant militaire de l'histoire.";"16:35";995;"7,6 k vues";"il y a 1 an";"https://www.youtube.com/watch?v=FhYu2cu0VTQ";"NON"
"u5EwJ42bQPc";"Pourquoi l’islam triomphera à la fin des temps ?🔥🌍";"14:26";866;"3 k vues";"il y a 1 an";"https://www.youtube.com/watch?v=u5EwJ42bQPc";"NON"
"zX1jiSbuIHc";"Je me suis dit : ""C’est donc cela, Dieu ?!"" Je n’avais jamais pensé à Dieu de cette manière.";"12:06";726;"3,2 k vues";"il y a 1 an";"https://www.youtube.com/watch?v=zX1jiSbuIHc";"NON"
"oP7NTq9qURw";"Une jeune femme en niqab a changé ma vie et m'a guidé vers l'islam.";"10:45";645;"7,9 k vues";"il y a 1 an";"https://www.youtube.com/watch?v=oP7NTq9qURw";"NON"
"VyoLg2C5w78";"La découverte choc : un cerveau caché dans le cœur confirmé par la science et le Coran !";"10:29";629;"5,1 k vues";"il y a 1 an";"https://www.youtube.com/watch?v=VyoLg2C5w78";"NON"
"RRdjEXLKfqc";"La sœur de l'épouse de Tony Blair, raconte l'histoire de sa conversion à l'islam.";"20:09";1209;"72 k vues";"il y a 1 an";"https://www.youtube.com/watch?v=RRdjEXLKfqc";"NON"
"L5Vau_46Zro";"🇯🇵 Un Japonais Converti à l'Islam Raconte Son Parcours / Rencontre avec un Imam Japonais 🕌🌸";"12:38";758;"9,5 k vues";"il y a 1 an";"https://www.youtube.com/watch?v=L5Vau_46Zro";"NON"
"nYxWVSfSmjk";"De Missionnaire Chrétienne à Musulmane  L'Incroyable Histoire de Ruba Qawar.";"16:25";985;"5,3 k vues";"il y a 1 an";"https://www.youtube.com/watch?v=nYxWVSfSmjk";"NON"
"9MNSgfTcHqs";"J'ai Cherché le Sens de la Vie Pendant 10 Ans… Voici Ce Que J'ai Trouvé.";"13:02";782;"9,1 k vues";"il y a 1 an";"https://www.youtube.com/watch?v=9MNSgfTcHqs";"NON"
"SW4I6QL8L9A";"Débat féroce entre un athée d'une intelligence aiguë et Zakir Naik, le célèbre débatteur musulman.";"20:53";1253;"29 k vues";"il y a 1 an";"https://www.youtube.com/watch?v=SW4I6QL8L9A";"NON"
"As2pyBE2CvI";"Une docteure, fille d’une mère juive et d’un père chrétien, se convertit à l’islam et compare sa vie";"16:28";988;"18 k vues";"il y a 1 an";"https://www.youtube.com/watch?v=As2pyBE2CvI";"NON"
"GVX9KQKIQeM";"Cet homme qui ne peut pas voir découvre l'islam et devient imam ! Son histoire incroyable.";"11:37";697;"5,3 k vues";"il y a 1 an";"https://www.youtube.com/watch?v=GVX9KQKIQeM";"NON"
"XjU4X1-iQCM";"Tu n’es plus des nôtres ! Tu nous as trahis ! – Son Histoire Choc après sa Conversion à l’Islam.";"24:40";1480;"13 k vues";"il y a 1 an";"https://www.youtube.com/watch?v=XjU4X1-iQCM";"NON"
"fRDLcnzYNkU";"Je suis un grand politicien néerlandais, j’ai haï l’Islam et tout fait pour le combattre, jusqu’à…";"11:31";691;"10 k vues";"il y a 1 an";"https://www.youtube.com/watch?v=fRDLcnzYNkU";"NON"
"FV6xzgeJHZ4";"Comment Ramadan a Changé Ma Vie : Mon Histoire de Conversion.";"13:07";787;"5,6 k vues";"il y a 1 an";"https://www.youtube.com/watch?v=FV6xzgeJHZ4";"NON"
"GbfIom0aLTg";"De l’athéisme à l’islam  La vision étrange qui a changé ma vie – Témoignage de Mohamed Kilion.";"24:19";1459;"4,1 k vues";"il y a 1 an";"https://www.youtube.com/watch?v=GbfIom0aLTg";"NON"
"VrAD7ZdkSZU";"Elle détestait l'islam, puis un Saoudien lui a montré une vérité inattendue.";"11:14";674;"11 k vues";"il y a 1 an";"https://www.youtube.com/watch?v=VrAD7ZdkSZU";"NON"
"PYyQ_HNklck";"Je suis entrée dans une mosquée en tenue provocante, mais finalement je me suis convertie.";"10:31";631;"15 k vues";"il y a 1 an";"https://www.youtube.com/watch?v=PYyQ_HNklck";"NON"
"XfVUnkbgJbs";"Comment 7 versets du Coran ont transformé la vie d’une chrétienne.";"10:43";643;"2,8 k vues";"il y a 1 an";"https://www.youtube.com/watch?v=XfVUnkbgJbs";"NON"
"iXWONb1TNRg";"Une Américaine se convertit à l'islam : ""Pourquoi personne ne nous a parlé de cela avant?""";"12:21";741;"62 k vues";"il y a 1 an";"https://www.youtube.com/watch?v=iXWONb1TNRg";"NON"
"qfro9L07iyY";"Un docteur athée face à une épreuve divine : il promet de croire si sa fille est sauvée.";"12:24";744;"24 k vues";"il y a 1 an";"https://www.youtube.com/watch?v=qfro9L07iyY";"NON"
"djt0ggll1Co";"Comment un neuroscientifique a trouvé la vérité dans le Coran.";"10:22";622;"10 k vues";"il y a 1 an";"https://www.youtube.com/watch?v=djt0ggll1Co";"NON"